<edmx:Edmx Version="1.0" xmlns:edmx="http://schemas.microsoft.com/ado/2007/06/edmx"
	xmlns:m="http://schemas.microsoft.com/ado/2007/08/dataservices/metadata" xmlns:sap="http://www.sap.com/Protocols/SAPData">
	<edmx:DataServices m:DataServiceVersion="2.0">
		<Schema Namespace="bbd0f5dada80cfff151b2eff" xml:lang="en" sap:schema-version="0000" xmlns="http://schemas.microsoft.com/ado/2008/09/edm">
			<EntityContainer Name="bbd0f5dada80cfff151b2eff_Entities" m:IsDefaultEntityContainer="true">
				<EntitySet Name="ArticleSet" EntityType="bbd0f5dada80cfff151b2eff.Article" sap:creatable="true" sap:updatable="true" sap:deletable="true"/>
			</EntityContainer>
			<EntityType Name="Article">
				<Key>
					<PropertyRef Name="Id"/>
				</Key>
				<Property Name="Id" Type="Edm.String" sap:creatable="true" sap:updatable="true" sap:deletable="true" sap:label="Id"/>
				<Property Name="Name" Type="Edm.String" sap:creatable="true" sap:updatable="true" sap:deletable="true" sap:label="Name"/>
			</EntityType>
		</Schema>
	</edmx:DataServices>
</edmx:Edmx>